{
    "modules": {
        "Logger": {
            "enabled": true,
            "settings": {
                "Background Color": {
                    "a": 1.0,
                    "b": 0.20000000298023224,
                    "chroma": false,
                    "g": 0.20000000298023224,
                    "r": 0.20000000298023224,
                    "rgb": false
                },
                "Foreground Color": {
                    "a": 1.0,
                    "b": 1.0,
                    "chroma": false,
                    "g": 1.0,
                    "r": 1.0,
                    "rgb": false
                },
                "module.module.setting.key.name": 0,
                "module.visual.setting.position.name": [
                    400.4940185546875,
                    26.59771728515625
                ],
                "module.visual.setting.scale.name": 0.8036331534385681,
                "showNumber": true,
                "tScale": 1.0,
                "wRatio": 0.3310265839099884
            }
        },
        "Shadows": {
            "enabled": true
        }
    }
}