{
    "modules": {
        "Better Visuals": {
            "enabled": true
        },
        "Dev Block Leaker": {
            "enabled": true,
            "settings": {
                "_setting__10410307581100957929": true,
                "_setting__11714910769601064179": 10,
                "_setting__17519911118033282550": true,
                "_setting__902793383370320742": true,
                "module.module.setting.key.name": 0
            }
        },
        "Immersive First Person2": {
            "enabled": true
        },
        "Logger": {
            "settings": {
                "": [
                    451.6884460449219,
                    45.22327423095703
                ],
                "Background Color": {
                    "a": 1.0,
                    "b": 0.20000001788139343,
                    "chroma": false,
                    "g": 0.20000001788139343,
                    "r": 0.20000001788139343,
                    "rgb": false
                },
                "Foreground Color": {
                    "a": 1.0,
                    "b": 1.0,
                    "chroma": false,
                    "g": 1.0,
                    "r": 1.0,
                    "rgb": false
                },
                "module.module.setting.key.name": 0,
                "module.visual.setting.scale.name": 0.6323529481887817,
                "showNumber": true,
                "tScale": 1.0,
                "wRatio": 0.35409462451934814
            }
        }
    }
}